freq	np_exe_time	nb_exe_time
0.0	6e-05	0.26546
1000.0	0.16909	0.0017
2000.0	0.66609	0.00602
3000.0	1.49708	0.01282
4000.0	2.63817	0.02162
5000.0	4.2716	0.03532
6000.0	6.8652	0.05035
7000.0	9.68444	0.07055
8000.0	10.7483	0.08785
9000.0	13.8779	0.1125
10000.0	16.894	0.13681
